--
-- PostgreSQL database dump
--

-- Started on 2013-02-15 07:44:29

SET statement_timeout = 0;
SET client_encoding = 'UTF8';
SET standard_conforming_strings = off;
SET check_function_bodies = false;
SET client_min_messages = warning;
SET escape_string_warning = off;

--
-- TOC entry 439 (class 2612 OID 16386)
-- Name: plpgsql; Type: PROCEDURAL LANGUAGE; Schema: -; Owner: postgres
--

CREATE PROCEDURAL LANGUAGE plpgsql;


ALTER PROCEDURAL LANGUAGE plpgsql OWNER TO postgres;

SET search_path = public, pg_catalog;

SET default_tablespace = '';

SET default_with_oids = false;

--
-- TOC entry 132 (class 1259 OID 16418)
-- Dependencies: 3
-- Name: tbappcontext; Type: TABLE; Schema: public; Owner: postgres; Tablespace: 
--

CREATE TABLE tbappcontext (
    id integer NOT NULL,
    application_name character varying(100) NOT NULL,
    min_rate double precision NOT NULL,
    max_rate double precision NOT NULL,
    rate_type integer NOT NULL
);


ALTER TABLE public.tbappcontext OWNER TO postgres;

--
-- TOC entry 131 (class 1259 OID 16416)
-- Dependencies: 132 3
-- Name: tb_app_context_id_seq; Type: SEQUENCE; Schema: public; Owner: postgres
--

CREATE SEQUENCE tb_app_context_id_seq
    START WITH 1
    INCREMENT BY 1
    NO MAXVALUE
    NO MINVALUE
    CACHE 1;


ALTER TABLE public.tb_app_context_id_seq OWNER TO postgres;

--
-- TOC entry 1796 (class 0 OID 0)
-- Dependencies: 131
-- Name: tb_app_context_id_seq; Type: SEQUENCE OWNED BY; Schema: public; Owner: postgres
--

ALTER SEQUENCE tb_app_context_id_seq OWNED BY tbappcontext.id;


--
-- TOC entry 1797 (class 0 OID 0)
-- Dependencies: 131
-- Name: tb_app_context_id_seq; Type: SEQUENCE SET; Schema: public; Owner: postgres
--

SELECT pg_catalog.setval('tb_app_context_id_seq', 1, false);


--
-- TOC entry 130 (class 1259 OID 16408)
-- Dependencies: 3
-- Name: tbappitem; Type: TABLE; Schema: public; Owner: postgres; Tablespace: 
--

CREATE TABLE tbappitem (
    id integer NOT NULL,
    description character varying(100) NOT NULL
);


ALTER TABLE public.tbappitem OWNER TO postgres;

--
-- TOC entry 129 (class 1259 OID 16406)
-- Dependencies: 3 130
-- Name: tb_app_item_id_seq; Type: SEQUENCE; Schema: public; Owner: postgres
--

CREATE SEQUENCE tb_app_item_id_seq
    START WITH 1
    INCREMENT BY 1
    NO MAXVALUE
    NO MINVALUE
    CACHE 1;


ALTER TABLE public.tb_app_item_id_seq OWNER TO postgres;

--
-- TOC entry 1798 (class 0 OID 0)
-- Dependencies: 129
-- Name: tb_app_item_id_seq; Type: SEQUENCE OWNED BY; Schema: public; Owner: postgres
--

ALTER SEQUENCE tb_app_item_id_seq OWNED BY tbappitem.id;


--
-- TOC entry 1799 (class 0 OID 0)
-- Dependencies: 129
-- Name: tb_app_item_id_seq; Type: SEQUENCE SET; Schema: public; Owner: postgres
--

SELECT pg_catalog.setval('tb_app_item_id_seq', 1, false);


--
-- TOC entry 134 (class 1259 OID 16428)
-- Dependencies: 3
-- Name: tbitem; Type: TABLE; Schema: public; Owner: postgres; Tablespace: 
--

CREATE TABLE tbitem (
    id integer NOT NULL,
    app_item_id integer NOT NULL,
    app_context_id integer NOT NULL
);


ALTER TABLE public.tbitem OWNER TO postgres;

--
-- TOC entry 133 (class 1259 OID 16426)
-- Dependencies: 134 3
-- Name: tb_item_id_seq; Type: SEQUENCE; Schema: public; Owner: postgres
--

CREATE SEQUENCE tb_item_id_seq
    START WITH 1
    INCREMENT BY 1
    NO MAXVALUE
    NO MINVALUE
    CACHE 1;


ALTER TABLE public.tb_item_id_seq OWNER TO postgres;

--
-- TOC entry 1800 (class 0 OID 0)
-- Dependencies: 133
-- Name: tb_item_id_seq; Type: SEQUENCE OWNED BY; Schema: public; Owner: postgres
--

ALTER SEQUENCE tb_item_id_seq OWNED BY tbitem.id;


--
-- TOC entry 1801 (class 0 OID 0)
-- Dependencies: 133
-- Name: tb_item_id_seq; Type: SEQUENCE SET; Schema: public; Owner: postgres
--

SELECT pg_catalog.setval('tb_item_id_seq', 1, false);


--
-- TOC entry 136 (class 1259 OID 16448)
-- Dependencies: 3
-- Name: tbpreference; Type: TABLE; Schema: public; Owner: postgres; Tablespace: 
--

CREATE TABLE tbpreference (
    id integer NOT NULL,
    item_id integer NOT NULL,
    user_id integer NOT NULL,
    rate double precision NOT NULL
);


ALTER TABLE public.tbpreference OWNER TO postgres;

--
-- TOC entry 135 (class 1259 OID 16446)
-- Dependencies: 136 3
-- Name: tb_preference_id_seq; Type: SEQUENCE; Schema: public; Owner: postgres
--

CREATE SEQUENCE tb_preference_id_seq
    START WITH 1
    INCREMENT BY 1
    NO MAXVALUE
    NO MINVALUE
    CACHE 1;


ALTER TABLE public.tb_preference_id_seq OWNER TO postgres;

--
-- TOC entry 1802 (class 0 OID 0)
-- Dependencies: 135
-- Name: tb_preference_id_seq; Type: SEQUENCE OWNED BY; Schema: public; Owner: postgres
--

ALTER SEQUENCE tb_preference_id_seq OWNED BY tbpreference.id;


--
-- TOC entry 1803 (class 0 OID 0)
-- Dependencies: 135
-- Name: tb_preference_id_seq; Type: SEQUENCE SET; Schema: public; Owner: postgres
--

SELECT pg_catalog.setval('tb_preference_id_seq', 1, false);


--
-- TOC entry 128 (class 1259 OID 16398)
-- Dependencies: 3
-- Name: tbuser; Type: TABLE; Schema: public; Owner: postgres; Tablespace: 
--

CREATE TABLE tbuser (
    id integer NOT NULL,
    email character varying(100) NOT NULL,
    name character varying(100)
);


ALTER TABLE public.tbuser OWNER TO postgres;

--
-- TOC entry 127 (class 1259 OID 16396)
-- Dependencies: 3 128
-- Name: tb_user_id_seq; Type: SEQUENCE; Schema: public; Owner: postgres
--

CREATE SEQUENCE tb_user_id_seq
    START WITH 1
    INCREMENT BY 1
    NO MAXVALUE
    NO MINVALUE
    CACHE 1;


ALTER TABLE public.tb_user_id_seq OWNER TO postgres;

--
-- TOC entry 1804 (class 0 OID 0)
-- Dependencies: 127
-- Name: tb_user_id_seq; Type: SEQUENCE OWNED BY; Schema: public; Owner: postgres
--

ALTER SEQUENCE tb_user_id_seq OWNED BY tbuser.id;


--
-- TOC entry 1805 (class 0 OID 0)
-- Dependencies: 127
-- Name: tb_user_id_seq; Type: SEQUENCE SET; Schema: public; Owner: postgres
--

SELECT pg_catalog.setval('tb_user_id_seq', 1, false);


--
-- TOC entry 1759 (class 2604 OID 16421)
-- Dependencies: 131 132 132
-- Name: id; Type: DEFAULT; Schema: public; Owner: postgres
--

ALTER TABLE ONLY tbappcontext ALTER COLUMN id SET DEFAULT nextval('tb_app_context_id_seq'::regclass);


--
-- TOC entry 1758 (class 2604 OID 16411)
-- Dependencies: 129 130 130
-- Name: id; Type: DEFAULT; Schema: public; Owner: postgres
--

ALTER TABLE ONLY tbappitem ALTER COLUMN id SET DEFAULT nextval('tb_app_item_id_seq'::regclass);


--
-- TOC entry 1760 (class 2604 OID 16431)
-- Dependencies: 134 133 134
-- Name: id; Type: DEFAULT; Schema: public; Owner: postgres
--

ALTER TABLE ONLY tbitem ALTER COLUMN id SET DEFAULT nextval('tb_item_id_seq'::regclass);


--
-- TOC entry 1761 (class 2604 OID 16451)
-- Dependencies: 136 135 136
-- Name: id; Type: DEFAULT; Schema: public; Owner: postgres
--

ALTER TABLE ONLY tbpreference ALTER COLUMN id SET DEFAULT nextval('tb_preference_id_seq'::regclass);


--
-- TOC entry 1757 (class 2604 OID 16401)
-- Dependencies: 127 128 128
-- Name: id; Type: DEFAULT; Schema: public; Owner: postgres
--

ALTER TABLE ONLY tbuser ALTER COLUMN id SET DEFAULT nextval('tb_user_id_seq'::regclass);


--
-- TOC entry 1788 (class 0 OID 16418)
-- Dependencies: 132
-- Data for Name: tbappcontext; Type: TABLE DATA; Schema: public; Owner: postgres
--

COPY tbappcontext (id, application_name, min_rate, max_rate, rate_type) FROM stdin;
1	Movies Store	1	10	1
2	Bands And Singers	1	2	1
3	Books Online	1	5	1
\.


--
-- TOC entry 1787 (class 0 OID 16408)
-- Dependencies: 130
-- Data for Name: tbappitem; Type: TABLE DATA; Schema: public; Owner: postgres
--

COPY tbappitem (id, description) FROM stdin;
71	50 Cent
31	A Arte da Guerra - Sun Tsu
78	A Cabana - Young, William P.
84	A Cidade do Sol - Hosseini, Khaled
46	À Espera de um Milagre
83	A Menina que Roubava Livros - Zusak, Markus
40	A República - Platão
86	A Sombra do Vento - Zafón, Carlos Ruiz
29	A Torre Negra: A Escolha dos Três - Stephen King
17	Adriana Calcanhoto
57	Alice no País das Maravilhas
69	Alicia Keys
63	Aline Barros
28	Amanhecer - Stephenie Meyer
76	As Crônicas de Spiderwick - C.s. Lewis
26	Avanged Sevenfold
48	Avatar
56	Bastardos Inglórios
54	Batman - O Cavaleiro das Trevas
23	Beyoncé
70	Black Eyed Peas
66	Bob Marley
73	Calypso
65	Chimarruts
51	Dança com Lobos
79	Diários do Vampiro: Reunião Sombria - Smith, L. J
8	Didi e a Princesa Lili
90	Direito Administrativo Descomplicado - Alexandrino, Marcelo; Paulo, Vicente
88	Dom Casmurro - Assis, Machado de
11	Duro de matar 4.0
4	Eclipse
64	Elton Jonh
85	Ensaio Sobre a Cegueira - Saramago, José
6	Era do Gelo
91	Eragon - Paolini, Christopher
14	Evanescence
25	Exaltasamba
19	Forró do muído
72	Garota Safada
5	Guerra ao terror
32	Harry Potter - J.K. Rowling
36	Investimentos Inteligentes - Gustavo Cerbasi
20	Iron Maiden
50	Jogos Mortais
74	Jorge Aragão
59	Jota Quest
60	Lady Gaga
43	Lendas de uma Paixão
58	Luan Santana
18	Magníficos
2	Matrix
67	Natiruts
7	Nemo
37	O Aleph - Paulo Coelho
34	O Caçador de Pipas - Khaled Hosseini
75	O Inocente - John Grisham
82	O Menino do Pijama Listrado - Boyne, John
35	O Monge e o Executivo - James C. Hunter
89	O Mundo É Plano: Uma Breve História do Século XXI - Friedman, Thomas L.
41	O Poderoso Chefão
49	O Silêncio dos Inocentes
30	O Símbolo Perdido - Dan Brown
33	O Vendedor de Sonhos - Augusto Cury
81	Odisséia - Homero
12	Operação Valquíria
80	Os Lusíadas - Camoes, Luis Vaz de
87	Os Sete -  King, Stephen
62	Padre Fábio de Melo
10	Pearl Harbor
47	Penetras Bons de Bico
55	Predador
61	Restart
22	Rihanna
16	Roberto Carlos
1	Senhor dos anéis
45	Shakespeare Apaixonado
68	Simone
21	Slipknot
15	Sorriso Maroto
53	Star Wars
42	Supremacia Bourne
44	Titanic
3	Todo mundo em pânico 3
52	Tróia
38	Uma Breve História do Mundo - Geoffrey Blainey
13	Uma Mente Brilhante
39	Vencendo o Passado - Zibia Gasparetto
24	Wando
77	Warren Buffet: Lições do Maior de Todos os Investidores -  Janet Lowe
9	X-MEN
\.


--
-- TOC entry 1789 (class 0 OID 16428)
-- Dependencies: 134
-- Data for Name: tbitem; Type: TABLE DATA; Schema: public; Owner: postgres
--

COPY tbitem (id, app_item_id, app_context_id) FROM stdin;
79	1	1
80	2	1
81	3	1
125	4	1
126	5	1
82	6	1
83	7	1
109	8	1
110	9	1
127	10	1
135	11	1
146	12	1
136	13	1
159	41	1
111	42	1
153	43	1
84	44	1
149	45	1
85	46	1
86	47	1
87	48	1
150	49	1
88	50	1
167	51	1
154	52	1
112	53	1
166	54	1
128	55	1
160	56	1
151	57	1
113	14	2
114	15	2
89	16	2
115	17	2
90	18	2
91	19	2
92	20	2
93	21	2
145	22	2
94	23	2
116	24	2
95	25	2
96	26	2
137	58	2
155	59	2
97	60	2
98	61	2
129	62	2
130	63	2
138	64	2
168	65	2
117	66	2
161	67	2
157	68	2
139	69	2
165	70	2
152	71	2
162	72	2
156	73	2
158	74	2
148	28	3
147	29	3
99	30	3
118	31	3
100	32	3
101	33	3
119	34	3
102	35	3
131	36	3
103	37	3
140	38	3
104	39	3
141	40	3
163	75	3
120	76	3
132	77	3
105	78	3
133	79	3
106	80	3
121	81	3
122	82	3
107	83	3
123	84	3
124	85	3
134	86	3
142	87	3
108	88	3
143	89	3
144	90	3
164	91	3
\.


--
-- TOC entry 1790 (class 0 OID 16448)
-- Dependencies: 136
-- Data for Name: tbpreference; Type: TABLE DATA; Schema: public; Owner: postgres
--

COPY tbpreference (id, item_id, user_id, rate) FROM stdin;
218	79	6533	10
219	80	6533	10
220	81	6533	8
221	82	6533	9
222	83	6533	9
223	84	6533	4
224	85	6533	8.5
225	86	6533	8
226	87	6533	9.5
227	88	6533	3
228	89	6533	10
229	90	6533	1
230	91	6533	1
231	92	6533	1
232	93	6533	10
233	94	6533	10
234	95	6533	1
235	96	6533	1
236	97	6533	10
237	98	6533	1
238	99	6533	10
239	100	6533	10
240	101	6533	5.5
241	102	6533	5.5
242	103	6533	7.75
243	104	6533	3.25
244	105	6533	1
245	106	6533	5.5
246	107	6533	10
247	108	6533	7.75
248	79	6534	9
249	80	6534	7
250	82	6534	8
251	109	6534	1
252	110	6534	4
253	111	6534	7
254	84	6534	3
255	87	6534	1
256	88	6534	3
257	112	6534	10
258	113	6534	1
259	114	6534	1
260	89	6534	10
261	115	6534	1
262	92	6534	10
263	93	6534	10
264	94	6534	1
265	116	6534	1
266	97	6534	1
267	117	6534	10
268	118	6534	10
269	100	6534	3.25
270	119	6534	7.75
271	102	6534	5.5
272	120	6534	3.25
273	121	6534	7.75
274	122	6534	10
275	123	6534	5.5
276	124	6534	10
277	108	6534	10
278	80	6535	7
279	81	6535	8
280	125	6535	2
281	126	6535	3
282	82	6535	7.5
283	83	6535	9
284	127	6535	9
285	111	6535	8
286	88	6535	1
287	128	6535	2.5
288	113	6535	10
289	114	6535	1
290	89	6535	10
291	115	6535	10
292	91	6535	1
293	92	6535	1
294	93	6535	1
295	98	6535	1
296	129	6535	10
297	130	6535	10
298	118	6535	7.75
299	119	6535	7.75
300	131	6535	5.5
301	120	6535	3.25
302	132	6535	5.5
303	133	6535	1
304	106	6535	3.25
305	124	6535	10
306	134	6535	1
307	108	6535	3.25
548	83	6544	10
549	109	6544	2
550	110	6544	2
551	146	6544	6
552	84	6544	8
553	149	6544	8
554	85	6544	8
555	87	6544	7
556	150	6544	7
557	151	6544	6
558	113	6544	10
559	114	6544	10
560	89	6544	1
561	115	6544	1
562	90	6544	10
563	91	6544	10
564	92	6544	1
565	93	6544	1
566	145	6544	10
567	94	6544	10
568	100	6544	7.75
569	101	6544	10
570	119	6544	5.5
571	102	6544	3.25
572	131	6544	10
573	103	6544	7.75
574	140	6544	7.75
575	133	6544	10
576	123	6544	10
577	108	6544	10
578	125	6545	8
579	109	6545	1
580	110	6545	3.5
581	136	6545	9
582	111	6545	10
583	84	6545	7.5
584	150	6545	8
585	88	6545	9
586	112	6545	9.5
587	151	6545	5
588	113	6545	10
589	114	6545	1
590	89	6545	1
591	90	6545	10
592	92	6545	10
593	93	6545	10
594	137	6545	1
595	130	6545	1
596	138	6545	10
597	152	6545	1
598	148	6545	7.75
599	147	6545	10
600	99	6545	7.75
601	118	6545	10
602	131	6545	10
603	141	6545	3.25
604	106	6545	1
605	122	6545	5.5
606	142	6545	7.75
607	144	6545	10
608	79	6546	10
609	81	6546	3
610	109	6546	1
611	110	6546	8
612	153	6546	10
613	84	6546	7
614	85	6546	10
615	154	6546	7
616	112	6546	10
617	128	6546	8
618	115	6546	1
619	91	6546	1
620	92	6546	10
621	93	6546	10
622	94	6546	10
623	155	6546	10
624	98	6546	1
625	117	6546	1
626	152	6546	10
627	156	6546	1
628	147	6546	3.25
629	118	6546	5.5
630	100	6546	1
631	102	6546	7.75
632	103	6546	3.25
633	141	6546	10
634	106	6546	5.5
635	142	6546	7.75
636	143	6546	5.5
637	144	6546	10
638	80	6547	10
639	125	6547	3
640	82	6547	7
641	83	6547	8
642	109	6547	1
643	110	6547	1
644	111	6547	9
645	153	6547	9
646	85	6547	8
647	88	6547	6
648	114	6547	1
649	89	6547	10
650	90	6547	10
651	92	6547	1
652	137	6547	1
653	155	6547	10
654	129	6547	1
655	130	6547	1
656	157	6547	1
657	158	6547	10
658	148	6547	1
659	118	6547	10
660	100	6547	3.25
661	119	6547	10
662	103	6547	1
663	104	6547	1
664	141	6547	7.75
665	120	6547	10
666	106	6547	10
667	122	6547	10
668	79	6548	10
669	80	6548	10
670	81	6548	10
671	135	6548	5
672	146	6548	8
673	159	6548	10
674	153	6548	10
675	85	6548	7
676	87	6548	4
677	150	6548	10
678	114	6548	1
679	92	6548	1
680	93	6548	10
681	116	6548	1
682	95	6548	1
683	137	6548	1
684	97	6548	10
685	129	6548	1
686	117	6548	10
687	158	6548	1
688	99	6548	5.5
689	118	6548	10
690	100	6548	7.75
691	119	6548	7.75
692	102	6548	10
693	131	6548	7.75
694	141	6548	10
695	120	6548	5.5
696	107	6548	5.5
697	108	6548	3.25
698	79	6549	10
699	80	6549	10
700	125	6549	4
701	82	6549	8
702	146	6549	7
703	111	6549	7
704	85	6549	10
705	88	6549	4
706	112	6549	9
707	160	6549	9
708	114	6549	1
709	115	6549	10
710	93	6549	10
711	94	6549	1
712	95	6549	1
713	97	6549	1
714	117	6549	10
715	161	6549	10
716	162	6549	1
717	156	6549	1
718	148	6549	3.25
719	147	6549	5.5
720	99	6549	5.5
721	100	6549	10
722	119	6549	10
723	163	6549	7.75
724	120	6549	7.75
725	107	6549	7.75
726	124	6549	10
727	164	6549	7.75
728	79	6550	10
729	80	6550	8
730	81	6550	1
731	125	6550	1
732	126	6550	10
733	82	6550	6
734	83	6550	9
735	109	6550	1
736	159	6550	10
737	160	6550	9
738	114	6550	1
739	89	6550	1
740	115	6550	1
741	90	6550	1
742	91	6550	1
743	92	6550	10
744	93	6550	10
745	155	6550	1
746	97	6550	10
747	152	6550	1
748	148	6550	1
749	147	6550	5.5
750	99	6550	1
751	118	6550	5.5
752	100	6550	7.75
753	140	6550	10
754	104	6550	1
755	141	6550	10
756	163	6550	3.25
757	164	6550	1
758	79	6551	10
759	80	6551	10
760	125	6551	5
761	82	6551	10
762	146	6551	8
763	136	6551	8
764	111	6551	10
765	88	6551	1
766	112	6551	9
767	160	6551	9
768	89	6551	10
769	91	6551	10
770	92	6551	1
771	93	6551	1
772	94	6551	10
773	95	6551	10
774	96	6551	1
775	155	6551	10
776	165	6551	10
777	158	6551	10
778	147	6551	3.25
779	100	6551	10
780	104	6551	5.5
781	141	6551	7.75
782	120	6551	5.5
783	106	6551	10
784	121	6551	7.75
785	142	6551	3.25
786	108	6551	7.75
787	144	6551	7.75
788	79	6552	10
789	80	6552	8
790	82	6552	9
791	83	6552	10
792	136	6552	10
793	84	6552	10
794	85	6552	10
795	87	6552	10
796	154	6552	8
797	166	6552	10
798	114	6552	1
799	115	6552	10
800	92	6552	10
801	93	6552	10
802	145	6552	1
803	94	6552	1
804	116	6552	1
805	95	6552	1
806	96	6552	10
807	152	6552	1
808	148	6552	3.25
809	100	6552	10
810	119	6552	5.5
811	120	6552	5.5
812	106	6552	5.5
813	121	6552	5.5
814	107	6552	5.5
815	123	6552	5.5
816	108	6552	5.5
817	144	6552	7.75
818	79	6553	9
819	81	6553	1
820	125	6553	4
821	82	6553	10
822	83	6553	10
823	109	6553	1
824	135	6553	9
825	111	6553	10
826	85	6553	10
827	128	6553	5
828	113	6553	1
829	114	6553	1
830	89	6553	1
831	115	6553	10
832	145	6553	10
833	96	6553	1
834	129	6553	1
835	165	6553	10
836	162	6553	1
837	156	6553	1
838	148	6553	3.25
839	99	6553	7.75
840	100	6553	10
841	101	6553	5.5
842	119	6553	10
843	102	6553	7.75
844	131	6553	7.75
845	122	6553	7.75
846	107	6553	10
847	123	6553	10
848	83	6554	8
849	127	6554	1
850	135	6554	7
851	136	6554	8
852	159	6554	7
853	84	6554	9
854	85	6554	10
855	87	6554	5
856	88	6554	3
857	112	6554	3
858	89	6554	1
859	115	6554	10
860	145	6554	10
861	96	6554	10
862	97	6554	10
863	117	6554	10
864	161	6554	1
865	165	6554	1
866	156	6554	10
867	158	6554	1
868	118	6554	7.75
869	100	6554	3.25
870	101	6554	10
871	102	6554	5.5
872	132	6554	5.5
873	133	6554	1
874	122	6554	10
875	123	6554	7.75
876	108	6554	7.75
877	144	6554	7.75
878	79	6555	10
879	80	6555	10
880	81	6555	8
881	126	6555	10
882	135	6555	8
883	159	6555	10
884	111	6555	9
885	167	6555	10
886	166	6555	10
887	160	6555	10
888	114	6555	1
889	115	6555	10
890	116	6555	1
891	97	6555	10
892	98	6555	1
893	129	6555	1
894	168	6555	10
895	117	6555	10
896	157	6555	1
897	165	6555	10
898	148	6555	1
899	118	6555	10
900	102	6555	10
901	141	6555	10
902	120	6555	3.25
903	132	6555	10
904	106	6555	10
905	121	6555	10
906	124	6555	10
907	108	6555	10
908	79	6556	10
909	80	6556	10
910	82	6556	9
911	83	6556	9
912	109	6556	1
913	127	6556	8
914	136	6556	9
915	87	6556	8
916	88	6556	9
917	154	6556	8
918	114	6556	1
919	89	6556	10
920	90	6556	10
921	92	6556	10
922	93	6556	10
923	145	6556	10
924	95	6556	1
925	137	6556	1
926	98	6556	1
927	117	6556	10
928	148	6556	5.5
929	147	6556	7.75
930	118	6556	7.75
931	100	6556	10
932	101	6556	7.75
933	141	6556	7.75
934	120	6556	5.5
935	106	6556	10
936	107	6556	5.5
937	108	6556	7.75
938	136	6557	10
939	159	6557	10
940	111	6557	10
941	153	6557	10
942	85	6557	10
943	87	6557	8
944	167	6557	10
945	154	6557	9
946	112	6557	10
947	160	6557	8
948	114	6557	1
949	89	6557	10
950	90	6557	1
951	91	6557	1
952	92	6557	1
953	93	6557	1
954	97	6557	1
955	130	6557	10
956	165	6557	10
957	156	6557	1
958	148	6557	1
959	118	6557	10
960	101	6557	10
961	119	6557	10
962	141	6557	5.5
963	163	6557	7.75
964	120	6557	10
965	105	6557	10
966	121	6557	10
967	164	6557	3.25
968	79	6558	9
969	80	6558	10
970	81	6558	7
971	125	6558	8
972	82	6558	7
973	110	6558	5
974	135	6558	7
975	111	6558	10
976	86	6558	10
977	160	6558	8
978	114	6558	1
979	115	6558	10
980	90	6558	10
981	92	6558	1
982	96	6558	1
983	97	6558	10
984	138	6558	10
985	117	6558	10
986	165	6558	10
987	156	6558	10
988	99	6558	10
989	118	6558	7.75
990	100	6558	7.75
991	119	6558	10
992	102	6558	7.75
993	131	6558	5.5
994	106	6558	5.5
995	121	6558	7.75
996	122	6558	7.75
997	108	6558	5.5
998	79	6559	8
999	80	6559	9
1000	83	6559	9
1001	135	6559	2
1002	159	6559	9
1003	153	6559	9
1004	85	6559	9
1005	87	6559	8
1006	88	6559	8
1007	128	6559	8
1008	113	6559	10
1009	114	6559	1
1010	89	6559	10
1011	91	6559	10
1012	92	6559	10
1013	93	6559	10
1014	98	6559	1
1015	117	6559	10
1016	156	6559	10
1017	158	6559	10
1018	100	6559	7.75
1019	119	6559	7.75
1020	131	6559	5.5
1021	120	6559	7.75
1022	105	6559	5.5
1023	106	6559	5.5
1024	121	6559	7.75
1025	107	6559	5.5
1026	142	6559	7.75
1027	108	6559	7.75
1028	79	6560	10
1029	80	6560	10
1030	81	6560	7
1031	125	6560	4
1032	82	6560	7
1033	83	6560	7
1034	109	6560	1
1035	135	6560	9
1036	111	6560	9
1037	112	6560	10
1038	113	6560	10
1039	114	6560	1
1040	89	6560	1
1041	90	6560	1
1042	91	6560	1
1043	93	6560	10
1044	116	6560	1
1045	137	6560	1
1046	97	6560	10
1047	162	6560	1
1048	148	6560	5.5
1049	147	6560	7.75
1050	118	6560	7.75
1051	100	6560	7.75
1052	102	6560	7.75
1053	120	6560	7.75
1054	121	6560	7.75
1055	142	6560	5.5
1056	108	6560	5.5
1057	164	6560	7.75
1058	79	6561	7
1059	80	6561	9
1060	81	6561	7
1061	82	6561	8
1062	136	6561	9
1063	159	6561	10
1064	153	6561	9
1065	112	6561	9
1066	160	6561	10
1067	151	6561	10
1068	89	6561	1
1069	115	6561	10
1070	92	6561	10
1071	93	6561	10
1072	117	6561	10
1073	161	6561	1
1074	165	6561	1
1075	152	6561	10
1076	156	6561	1
1077	158	6561	10
1078	118	6561	10
1079	100	6561	5.5
1080	119	6561	10
1081	102	6561	10
1082	131	6561	5.5
1083	132	6561	5.5
1084	105	6561	3.25
1085	122	6561	10
1086	142	6561	1
1087	108	6561	7.75
1088	79	6562	4
1089	80	6562	8
1090	81	6562	5
1091	83	6562	10
1092	159	6562	10
1093	111	6562	10
1094	88	6562	7
1095	154	6562	7
1096	112	6562	3
1097	160	6562	9
1098	114	6562	1
1099	92	6562	1
1100	93	6562	10
1101	155	6562	1
1102	97	6562	1
1103	98	6562	1
1104	117	6562	10
1105	161	6562	10
1106	156	6562	10
1107	158	6562	1
1108	148	6562	3.25
1109	118	6562	1
1110	119	6562	7.75
1111	102	6562	1
1112	163	6562	7.75
1113	120	6562	1
1114	106	6562	3.25
1115	121	6562	5.5
1116	143	6562	5.5
1117	164	6562	1
1118	79	6563	10
1119	80	6563	9
1120	81	6563	9
1121	146	6563	9
1122	159	6563	10
1123	111	6563	9
1124	85	6563	9
1125	87	6563	9
1126	88	6563	9
1127	160	6563	10
1128	113	6563	10
1129	114	6563	1
1130	90	6563	10
1131	91	6563	10
1132	155	6563	10
1133	130	6563	1
1134	138	6563	10
1135	152	6563	10
1136	162	6563	10
1137	158	6563	10
1138	148	6563	1
1139	99	6563	7.75
1140	118	6563	10
1141	100	6563	5.5
1142	102	6563	7.75
1143	103	6563	1
1144	120	6563	10
1145	121	6563	7.75
1146	108	6563	3.25
1147	144	6563	10
1148	79	6564	7
1149	80	6564	8
1150	82	6564	8
1151	135	6564	6
1152	146	6564	7
1153	136	6564	8
1154	84	6564	4
1155	149	6564	5
1156	150	6564	7
1157	167	6564	8
1158	114	6564	1
1159	115	6564	10
1160	90	6564	10
1161	92	6564	1
1162	93	6564	1
1163	116	6564	10
1164	95	6564	10
1165	155	6564	10
1166	156	6564	10
1167	158	6564	10
1168	99	6564	7.75
1169	118	6564	7.75
1170	100	6564	5.5
1171	101	6564	7.75
1172	119	6564	1
1173	102	6564	7.75
1174	120	6564	5.5
1175	108	6564	5.5
1176	144	6564	7.75
1177	164	6564	7.75
1178	79	6565	10
1179	80	6565	10
1180	82	6565	7
1181	83	6565	8
1182	136	6565	8
1183	159	6565	10
1184	85	6565	8
1185	87	6565	7
1186	150	6565	9
1187	160	6565	9
1188	114	6565	1
1189	89	6565	1
1190	115	6565	10
1191	90	6565	1
1192	91	6565	1
1193	92	6565	10
1194	93	6565	10
1195	145	6565	1
1196	94	6565	1
1197	98	6565	10
1198	99	6565	5.5
1199	100	6565	10
1200	119	6565	7.75
1201	120	6565	10
1202	105	6565	7.75
1203	122	6565	5.5
1204	107	6565	5.5
1205	123	6565	5.5
1206	124	6565	10
1207	143	6565	5.5
1208	79	6566	10
1209	80	6566	10
1210	126	6566	8
1211	82	6566	9
1212	83	6566	9
1213	146	6566	8
1214	136	6566	9
1215	159	6566	10
1216	111	6566	10
1217	153	6566	8
1218	89	6566	10
1219	115	6566	10
1220	92	6566	10
1221	93	6566	10
1222	95	6566	1
1223	137	6566	1
1224	130	6566	1
1225	117	6566	10
1226	157	6566	1
1227	165	6566	10
1228	147	6566	5.5
1229	99	6566	3.25
1230	118	6566	7.75
1231	100	6566	5.5
1232	101	6566	5.5
1233	119	6566	5.5
1234	132	6566	7.75
1235	106	6566	7.75
1236	124	6566	7.75
1237	108	6566	5.5
1238	79	6567	8
1239	80	6567	10
1240	82	6567	8
1241	83	6567	10
1242	109	6567	2
1243	110	6567	2
1244	136	6567	9
1245	84	6567	6
1246	86	6567	8
1247	160	6567	10
1248	113	6567	10
1249	114	6567	1
1250	115	6567	10
1251	91	6567	1
1252	93	6567	1
1253	116	6567	1
1254	155	6567	10
1255	129	6567	1
1256	165	6567	1
1257	156	6567	1
1258	148	6567	3.25
1259	147	6567	7.75
1260	100	6567	5.5
1261	119	6567	5.5
1262	120	6567	3.25
1263	105	6567	5.5
1264	122	6567	10
1265	124	6567	5.5
1266	142	6567	7.75
1267	144	6567	7.75
1268	79	6568	10
1269	80	6568	7
1270	81	6568	2
1271	83	6568	8
1272	159	6568	10
1273	111	6568	8
1274	85	6568	7
1275	87	6568	7
1276	154	6568	8
1277	160	6568	7
1278	89	6568	10
1279	115	6568	10
1280	92	6568	1
1281	93	6568	1
1282	95	6568	1
1283	137	6568	1
1284	155	6568	10
1285	161	6568	10
1286	162	6568	1
1287	156	6568	1
1288	147	6568	7.75
1289	99	6568	5.5
1290	118	6568	5.5
1291	100	6568	5.5
1292	119	6568	7.75
1293	120	6568	5.5
1294	133	6568	3.25
1295	106	6568	5.5
1296	121	6568	10
1297	108	6568	7.75
1298	80	6569	8
1299	81	6569	8
1300	82	6569	9
1301	109	6569	4
1302	146	6569	6
1303	159	6569	6
1304	111	6569	8
1305	84	6569	7
1306	85	6569	9
1307	88	6569	7
1308	114	6569	1
1309	89	6569	10
1310	115	6569	10
1311	92	6569	1
1312	93	6569	1
1313	145	6569	10
1314	155	6569	10
1315	130	6569	10
1316	157	6569	10
1317	165	6569	10
1318	118	6569	5.5
1319	100	6569	3.25
1320	101	6569	10
1321	102	6569	10
1322	103	6569	5.5
1323	133	6569	5.5
1324	121	6569	5.5
1325	107	6569	7.75
1326	108	6569	7.75
1327	144	6569	1
1328	79	6570	10
1329	80	6570	10
1330	81	6570	7
1331	125	6570	1
1332	126	6570	5
1333	82	6570	9
1334	83	6570	10
1335	109	6570	1
1336	110	6570	1
1337	112	6570	10
1338	113	6570	10
1339	114	6570	1
1340	89	6570	10
1341	115	6570	10
1342	90	6570	1
1343	91	6570	1
1344	92	6570	1
1345	93	6570	10
1346	145	6570	1
1347	94	6570	1
1348	148	6570	1
1349	147	6570	1
1350	99	6570	7.75
1351	118	6570	7.75
1352	100	6570	10
1353	101	6570	3.25
1354	119	6570	7.75
1355	120	6570	3.25
1356	124	6570	10
1357	108	6570	3.25
1358	79	6571	8
1359	80	6571	8
1360	81	6571	6
1361	125	6571	1
1362	82	6571	6
1363	109	6571	2
1364	135	6571	7
1365	149	6571	3
1366	150	6571	8
1367	112	6571	9
1368	113	6571	1
1369	114	6571	1
1370	90	6571	1
1371	92	6571	1
1372	93	6571	10
1373	129	6571	1
1374	130	6571	1
1375	117	6571	10
1376	152	6571	1
1377	158	6571	10
1378	148	6571	1
1379	118	6571	10
1380	100	6571	5.5
1381	102	6571	7.75
1382	140	6571	7.75
1383	141	6571	10
1384	120	6571	5.5
1385	121	6571	10
1386	108	6571	7.75
1387	164	6571	7.75
1388	79	6572	9
1389	80	6572	10
1390	111	6572	10
1391	84	6572	8
1392	87	6572	9
1393	150	6572	10
1394	88	6572	6
1395	154	6572	7
1396	160	6572	10
1397	151	6572	8
1398	113	6572	10
1399	114	6572	1
1400	90	6572	1
1401	94	6572	10
1402	95	6572	1
1403	137	6572	1
1404	117	6572	10
1405	165	6572	10
1406	152	6572	10
1407	156	6572	1
1408	147	6572	7.75
1409	99	6572	7.75
1410	100	6572	7.75
1411	119	6572	10
1412	102	6572	10
1413	121	6572	7.75
1414	122	6572	10
1415	107	6572	10
1416	144	6572	7.75
1417	164	6572	7.75
1418	79	6573	9
1419	80	6573	7
1420	81	6573	8
1421	127	6573	9
1422	136	6573	8
1423	84	6573	8
1424	85	6573	10
1425	87	6573	5
1426	150	6573	8
1427	160	6573	8
1428	113	6573	10
1429	114	6573	1
1430	92	6573	10
1431	93	6573	10
1432	95	6573	1
1433	96	6573	10
1434	139	6573	1
1435	162	6573	1
1436	156	6573	1
1437	158	6573	1
1438	147	6573	5.5
1439	99	6573	5.5
1440	100	6573	7.75
1441	121	6573	5.5
1442	107	6573	3.25
1443	124	6573	3.25
1444	142	6573	1
1445	108	6573	7.75
1446	144	6573	7.75
1447	164	6573	5.5
1448	79	6574	10
1449	80	6574	10
1450	125	6574	5
1451	82	6574	6
1452	83	6574	7
1453	110	6574	5
1454	136	6574	9
1455	87	6574	10
1456	112	6574	10
1457	166	6574	8
1458	113	6574	10
1459	89	6574	10
1460	92	6574	10
1461	93	6574	10
1462	145	6574	10
1463	96	6574	10
1464	155	6574	10
1465	97	6574	10
1466	152	6574	10
1467	156	6574	1
1468	148	6574	5.5
1469	99	6574	7.75
1470	118	6574	10
1471	100	6574	10
1472	119	6574	7.75
1473	102	6574	10
1474	131	6574	5.5
1475	120	6574	7.75
1476	108	6574	5.5
1477	164	6574	5.5
1478	126	6575	7
1479	82	6575	7
1480	127	6575	5
1481	135	6575	7
1482	146	6575	7
1483	111	6575	8
1484	87	6575	6
1485	154	6575	8
1486	160	6575	8
1487	151	6575	8
1488	113	6575	10
1489	89	6575	1
1490	115	6575	1
1491	90	6575	1
1492	91	6575	10
1493	93	6575	10
1494	116	6575	1
1495	137	6575	1
1496	165	6575	10
1497	158	6575	10
1498	99	6575	7.75
1499	118	6575	10
1500	100	6575	7.75
1501	102	6575	7.75
1502	120	6575	7.75
1503	105	6575	5.5
1504	106	6575	3.25
1505	122	6575	7.75
1506	124	6575	7.75
1507	108	6575	5.5
1508	79	6576	9
1509	80	6576	9
1510	136	6576	9
1511	159	6576	9
1512	111	6576	9
1513	85	6576	9
1514	87	6576	8
1515	150	6576	9
1516	112	6576	9
1517	151	6576	7
1518	114	6576	1
1519	115	6576	10
1520	90	6576	1
1521	155	6576	10
1522	98	6576	1
1523	117	6576	10
1524	152	6576	1
1525	162	6576	1
1526	156	6576	1
1527	158	6576	10
1528	99	6576	7.75
1529	118	6576	7.75
1530	100	6576	7.75
1531	119	6576	5.5
1532	141	6576	7.75
1533	121	6576	5.5
1534	107	6576	7.75
1535	142	6576	7.75
1536	108	6576	5.5
1537	164	6576	5.5
1538	79	6577	10
1539	80	6577	10
1540	125	6577	5
1541	83	6577	9
1542	110	6577	3
1543	146	6577	8
1544	136	6577	8
1545	159	6577	10
1546	84	6577	7
1547	112	6577	10
1548	114	6577	1
1549	115	6577	10
1550	90	6577	10
1551	92	6577	10
1552	95	6577	10
1553	137	6577	1
1554	98	6577	1
1555	138	6577	1
1556	117	6577	10
1557	161	6577	10
1558	148	6577	3.25
1559	100	6577	10
1560	101	6577	3.25
1561	102	6577	10
1562	103	6577	5.5
1563	104	6577	3.25
1564	133	6577	5.5
1565	122	6577	10
1566	107	6577	10
1567	124	6577	7.75
1568	79	6578	5
1569	80	6578	7
1570	83	6578	9
1571	136	6578	8
1572	111	6578	8
1573	84	6578	8
1574	85	6578	9
1575	87	6578	8
1576	160	6578	8
1577	151	6578	5
1578	114	6578	1
1579	90	6578	10
1580	91	6578	10
1581	94	6578	10
1582	137	6578	10
1583	117	6578	10
1584	139	6578	10
1585	162	6578	10
1586	156	6578	10
1587	158	6578	10
1588	99	6578	7.75
1589	118	6578	7.75
1590	100	6578	3.25
1591	119	6578	7.75
1592	102	6578	5.5
1593	140	6578	7.75
1594	141	6578	5.5
1595	120	6578	3.25
1596	124	6578	7.75
1597	108	6578	7.75
1598	79	6579	7
1599	80	6579	10
1600	81	6579	5
1601	125	6579	7
1602	82	6579	8
1603	83	6579	8
1604	110	6579	5
1605	153	6579	9
1606	87	6579	9
1607	150	6579	9
1608	114	6579	1
1609	89	6579	1
1610	90	6579	1
1611	92	6579	1
1612	93	6579	1
1613	137	6579	1
1614	155	6579	10
1615	162	6579	1
1616	156	6579	1
1617	158	6579	1
1618	148	6579	5.5
1619	118	6579	7.75
1620	119	6579	7.75
1621	120	6579	5.5
1622	105	6579	7.75
1623	122	6579	7.75
1624	107	6579	7.75
1625	142	6579	7.75
1626	108	6579	5.5
1627	144	6579	7.75
1628	79	6580	10
1629	80	6580	10
1630	83	6580	10
1631	159	6580	10
1632	153	6580	10
1633	87	6580	8
1634	88	6580	8
1635	112	6580	10
1636	166	6580	10
1637	151	6580	8
1638	114	6580	1
1639	89	6580	10
1640	93	6580	10
1641	137	6580	1
1642	97	6580	1
1643	98	6580	1
1644	117	6580	10
1645	161	6580	10
1646	152	6580	10
1647	156	6580	1
1648	147	6580	5.5
1649	118	6580	10
1650	100	6580	7.75
1651	101	6580	7.75
1652	119	6580	7.75
1653	140	6580	5.5
1654	141	6580	10
1655	106	6580	7.75
1656	121	6580	10
1657	108	6580	10
1658	81	6581	8
1659	125	6581	6
1660	82	6581	10
1661	83	6581	10
1662	136	6581	10
1663	111	6581	10
1664	84	6581	10
1665	149	6581	10
1666	85	6581	10
1667	88	6581	9
1668	92	6581	1
1669	93	6581	1
1670	145	6581	10
1671	94	6581	10
1672	97	6581	10
1673	168	6581	10
1674	117	6581	10
1675	161	6581	10
1676	165	6581	10
1677	152	6581	10
1678	148	6581	3.25
1679	100	6581	7.75
1680	105	6581	10
1681	122	6581	7.75
1682	107	6581	10
1683	142	6581	7.75
1684	108	6581	5.5
1685	143	6581	5.5
1686	144	6581	5.5
1687	164	6581	5.5
1688	79	6582	8
1689	80	6582	10
1690	81	6582	8
1691	82	6582	8
1692	83	6582	7
1693	136	6582	9
1694	84	6582	5
1695	85	6582	8
1696	150	6582	10
1697	88	6582	9
1698	89	6582	10
1699	115	6582	1
1700	92	6582	10
1701	93	6582	10
1702	96	6582	1
1703	137	6582	1
1704	155	6582	1
1705	117	6582	10
1706	161	6582	1
1707	156	6582	10
1708	147	6582	5.5
1709	118	6582	10
1710	100	6582	7.75
1711	122	6582	5.5
1712	107	6582	5.5
1713	123	6582	5.5
1714	124	6582	5.5
1715	108	6582	10
1716	143	6582	5.5
1717	144	6582	1
1718	79	6583	10
1719	80	6583	5
1720	125	6583	1
1721	126	6583	2
1722	82	6583	10
1723	83	6583	8
1724	146	6583	5
1725	159	6583	7
1726	85	6583	10
1727	87	6583	10
1728	113	6583	10
1729	114	6583	1
1730	89	6583	10
1731	115	6583	10
1732	90	6583	1
1733	91	6583	1
1734	95	6583	10
1735	97	6583	10
1736	98	6583	1
1737	152	6583	1
1738	148	6583	1
1739	100	6583	7.75
1740	119	6583	7.75
1741	104	6583	1
1742	141	6583	10
1743	120	6583	10
1744	121	6583	7.75
1745	122	6583	10
1746	124	6583	10
1747	144	6583	10
1748	79	6584	10
1749	80	6584	8
1750	126	6584	5
1751	82	6584	7
1752	83	6584	7
1753	127	6584	7
1754	136	6584	7
1755	111	6584	7
1756	87	6584	8
1757	112	6584	8
1758	114	6584	10
1759	90	6584	10
1760	91	6584	10
1761	95	6584	10
1762	155	6584	10
1763	168	6584	10
1764	117	6584	10
1765	161	6584	10
1766	165	6584	10
1767	162	6584	10
1768	118	6584	10
1769	100	6584	10
1770	101	6584	10
1771	119	6584	7.75
1772	102	6584	7.75
1773	140	6584	10
1774	120	6584	10
1775	106	6584	7.75
1776	121	6584	7.75
1777	108	6584	10
1778	80	6585	10
1779	83	6585	5
1780	135	6585	2
1781	153	6585	9
1782	150	6585	9
1783	88	6585	1
1784	112	6585	10
1785	166	6585	9
1786	128	6585	9
1787	151	6585	8
1788	114	6585	1
1789	89	6585	10
1790	91	6585	10
1791	92	6585	1
1792	145	6585	1
1793	155	6585	10
1794	129	6585	1
1795	130	6585	1
1796	117	6585	10
1797	165	6585	10
1798	118	6585	7.75
1799	119	6585	10
1800	103	6585	1
1801	104	6585	1
1802	141	6585	5.5
1803	163	6585	7.75
1804	106	6585	5.5
1805	121	6585	7.75
1806	108	6585	5.5
1807	144	6585	7.75
1808	79	6586	7
1809	80	6586	8
1810	81	6586	6
1811	125	6586	1
1812	110	6586	1
1813	136	6586	9
1814	159	6586	10
1815	111	6586	9
1816	86	6586	10
1817	160	6586	9
1818	114	6586	1
1819	93	6586	10
1820	96	6586	10
1821	137	6586	1
1822	98	6586	1
1823	129	6586	1
1824	117	6586	10
1825	161	6586	10
1826	152	6586	10
1827	158	6586	10
1828	118	6586	10
1829	100	6586	7.75
1830	103	6586	5.5
1831	141	6586	10
1832	120	6586	5.5
1833	106	6586	7.75
1834	121	6586	7.75
1835	124	6586	7.75
1836	142	6586	7.75
1837	108	6586	3.25
1838	79	6587	9
1839	80	6587	8
1840	126	6587	9
1841	136	6587	7
1842	159	6587	9
1843	153	6587	9
1844	85	6587	10
1845	87	6587	9
1846	150	6587	9
1847	88	6587	5
1848	115	6587	10
1849	91	6587	10
1850	92	6587	1
1851	116	6587	1
1852	95	6587	10
1853	96	6587	1
1854	97	6587	1
1855	98	6587	1
1856	129	6587	1
1857	130	6587	1
1858	119	6587	7.75
1859	102	6587	5.5
1860	103	6587	3.25
1861	104	6587	3.25
1862	120	6587	5.5
1863	133	6587	1
1864	124	6587	7.75
1865	142	6587	3.25
1866	108	6587	10
1867	144	6587	7.75
1868	79	6588	10
1869	125	6588	1
1870	110	6588	1
1871	135	6588	10
1872	159	6588	10
1873	86	6588	9
1874	154	6588	8
1875	112	6588	10
1876	128	6588	10
1877	160	6588	8
1878	113	6588	1
1879	114	6588	1
1880	89	6588	1
1881	115	6588	1
1882	90	6588	1
1883	91	6588	1
1884	92	6588	10
1885	93	6588	10
1886	145	6588	1
1887	94	6588	1
1888	148	6588	1
1889	147	6588	10
1890	118	6588	10
1891	100	6588	7.75
1892	102	6588	5.5
1893	103	6588	1
1894	120	6588	10
1895	133	6588	1
1896	142	6588	5.5
1897	164	6588	10
1898	79	6589	10
1899	80	6589	9
1900	82	6589	8
1901	109	6589	1
1902	127	6589	3
1903	135	6589	7
1904	146	6589	8
1905	159	6589	10
1906	88	6589	8
1907	167	6589	9
1908	113	6589	1
1909	114	6589	1
1910	91	6589	1
1911	92	6589	10
1912	93	6589	10
1913	97	6589	1
1914	98	6589	1
1915	161	6589	1
1916	165	6589	1
1917	156	6589	1
1918	148	6589	1
1919	147	6589	7.75
1920	99	6589	7.75
1921	101	6589	1
1922	163	6589	7.75
1923	120	6589	5.5
1924	105	6589	3.25
1925	124	6589	5.5
1926	142	6589	10
1927	164	6589	5.5
1928	79	6590	8
1929	80	6590	9
1930	125	6590	3
1931	126	6590	9
1932	135	6590	7
1933	146	6590	9
1934	111	6590	8
1935	149	6590	9
1936	154	6590	9
1937	128	6590	8
1938	114	6590	1
1939	89	6590	10
1940	115	6590	10
1941	91	6590	1
1942	92	6590	10
1943	93	6590	10
1944	95	6590	1
1945	96	6590	10
1946	98	6590	1
1947	117	6590	10
1948	118	6590	7.75
1949	100	6590	5.5
1950	103	6590	5.5
1951	141	6590	10
1952	120	6590	5.5
1953	106	6590	7.75
1954	121	6590	7.75
1955	124	6590	7.75
1956	142	6590	7.75
1957	108	6590	10
1958	80	6591	9
1959	125	6591	2
1960	82	6591	9
1961	110	6591	1
1962	135	6591	6
1963	159	6591	10
1964	153	6591	9
1965	84	6591	1
1966	86	6591	8
1967	160	6591	9
1968	113	6591	1
1969	114	6591	1
1970	89	6591	10
1971	115	6591	1
1972	91	6591	1
1973	94	6591	1
1974	116	6591	1
1975	137	6591	1
1976	117	6591	10
1977	158	6591	10
1978	99	6591	3.25
1979	118	6591	7.75
1980	100	6591	7.75
1981	101	6591	1
1982	119	6591	7.75
1983	102	6591	7.75
1984	120	6591	7.75
1985	121	6591	10
1986	124	6591	7.75
1987	108	6591	10
1988	79	6592	9
1989	125	6592	9
1990	82	6592	7
1991	109	6592	1
1992	135	6592	8
1993	111	6592	9
1994	84	6592	10
1995	85	6592	10
1996	150	6592	6
1997	154	6592	3
1998	113	6592	10
1999	114	6592	1
2000	90	6592	10
2001	92	6592	1
2002	93	6592	1
2003	145	6592	10
2004	94	6592	10
2005	95	6592	1
2006	155	6592	1
2007	97	6592	10
2008	148	6592	10
2009	147	6592	5.5
2010	100	6592	7.75
2011	119	6592	5.5
2012	131	6592	3.25
2013	104	6592	5.5
2014	120	6592	7.75
2015	133	6592	1
2016	122	6592	1
2017	108	6592	3.25
2018	79	6593	10
2019	80	6593	9
2020	81	6593	8
2021	135	6593	7
2022	146	6593	6
2023	136	6593	5
2024	111	6593	4
2025	87	6593	3
2026	150	6593	2
2027	88	6593	1
2028	114	6593	10
2029	90	6593	10
2030	91	6593	1
2031	116	6593	10
2032	96	6593	1
2033	137	6593	1
2034	97	6593	10
2035	168	6593	1
2036	117	6593	10
2037	161	6593	10
2038	148	6593	10
2039	118	6593	3.25
2040	101	6593	7.75
2041	102	6593	7.75
2042	131	6593	10
2043	104	6593	10
2044	141	6593	7.75
2045	163	6593	10
2046	124	6593	10
2047	134	6593	1
2048	80	6594	9
2049	81	6594	6
2050	125	6594	4
2051	126	6594	9
2052	82	6594	5
2053	83	6594	7
2054	109	6594	3
2055	110	6594	8
2056	127	6594	7
2057	135	6594	7
2058	146	6594	8
2059	136	6594	9
2060	159	6594	9
2061	111	6594	8
2062	153	6594	6
2063	84	6594	6
2064	149	6594	5
2065	85	6594	8
2066	86	6594	6
2067	87	6594	8
2068	88	6594	9
2069	112	6594	10
2070	166	6594	9
2071	113	6594	10
2072	114	6594	1
2073	89	6594	10
2074	115	6594	10
2075	90	6594	1
2076	92	6594	10
2077	93	6594	1
2078	145	6594	1
2079	94	6594	1
2080	116	6594	1
2081	95	6594	1
2082	96	6594	10
2083	137	6594	1
2084	155	6594	10
2085	97	6594	10
2086	98	6594	1
2087	138	6594	10
2088	168	6594	10
2089	102	6594	10
2090	131	6594	7.75
2091	103	6594	5.5
2092	140	6594	5.5
2093	104	6594	3.25
2094	120	6594	1
2095	132	6594	3.25
2096	105	6594	5.5
2097	133	6594	5.5
2098	106	6594	3.25
2099	122	6594	3.25
2100	123	6594	10
2101	124	6594	3.25
2102	134	6594	5.5
2103	142	6594	10
2104	108	6594	3.25
2105	143	6594	1
2106	144	6594	5.5
2107	164	6594	10
2108	80	6595	7
2109	81	6595	7
2110	125	6595	8
2111	126	6595	5
2112	82	6595	8
2113	83	6595	9
2114	109	6595	2
2115	110	6595	7
2116	127	6595	5
2117	135	6595	8
2118	146	6595	7
2119	136	6595	7
2120	159	6595	6
2121	111	6595	8
2122	84	6595	9
2123	149	6595	8
2124	85	6595	9
2125	86	6595	7
2126	87	6595	8
2127	88	6595	4
2128	167	6595	6
2129	166	6595	7
2130	128	6595	5
2131	113	6595	10
2132	114	6595	10
2133	115	6595	1
2134	90	6595	10
2135	91	6595	10
2136	92	6595	1
2137	93	6595	1
2138	145	6595	10
2139	94	6595	10
2140	116	6595	1
2141	95	6595	1
2142	96	6595	10
2143	137	6595	10
2144	155	6595	10
2145	97	6595	10
2146	98	6595	1
2147	129	6595	10
2148	138	6595	10
2149	168	6595	10
2150	161	6595	10
2151	139	6595	1
2152	165	6595	10
2153	152	6595	10
2154	156	6595	1
2155	147	6595	10
2156	99	6595	7.75
2157	118	6595	7.75
2158	100	6595	10
2159	101	6595	5.5
2160	119	6595	10
2161	102	6595	3.25
2162	141	6595	5.5
2163	163	6595	3.25
2164	120	6595	1
2165	132	6595	3.25
2166	105	6595	5.5
2167	133	6595	3.25
2168	106	6595	1
2169	122	6595	3.25
2170	123	6595	10
2171	124	6595	5.5
2172	134	6595	1
2173	142	6595	3.25
2174	108	6595	5.5
2175	143	6595	7.75
2176	144	6595	5.5
2177	80	6596	6
2178	81	6596	5
2179	125	6596	9
2180	126	6596	5
2181	82	6596	8
2182	83	6596	8
2183	109	6596	4
2184	110	6596	7
2185	127	6596	5
2186	135	6596	8
2187	146	6596	5
2188	136	6596	6
2189	153	6596	7
2190	84	6596	8
2191	149	6596	7
2192	86	6596	6
2193	88	6596	2
2194	154	6596	7
2195	160	6596	4
2196	113	6596	10
2197	114	6596	1
2198	89	6596	10
2199	115	6596	10
2200	90	6596	10
2201	91	6596	1
2202	92	6596	1
2203	93	6596	1
2204	116	6596	1
2205	96	6596	10
2206	155	6596	10
2207	97	6596	10
2208	98	6596	10
2209	130	6596	10
2210	138	6596	10
2211	139	6596	1
2212	162	6596	1
2213	156	6596	1
2214	99	6596	5.5
2215	118	6596	10
2216	100	6596	7.75
2217	101	6596	3.25
2218	102	6596	7.75
2219	131	6596	3.25
2220	103	6596	5.5
2221	104	6596	3.25
2222	141	6596	7.75
2223	163	6596	10
2224	120	6596	7.75
2225	105	6596	10
2226	133	6596	3.25
2227	106	6596	5.5
2228	122	6596	3.25
2229	134	6596	3.25
2230	108	6596	7.75
2231	144	6596	3.25
2232	164	6596	3.25
2233	80	6597	10
2234	81	6597	7
2235	125	6597	5
2236	126	6597	6
2237	82	6597	8
2238	83	6597	8
2239	109	6597	1
2240	110	6597	9
2241	127	6597	6
2242	135	6597	9
2243	146	6597	7
2244	136	6597	7
2245	159	6597	8
2246	111	6597	7
2247	153	6597	5
2248	84	6597	6
2249	149	6597	4
2250	154	6597	8
2251	112	6597	6
2252	166	6597	9
2253	79	6597	6
2254	113	6597	10
2255	114	6597	1
2256	89	6597	10
2257	90	6597	10
2258	92	6597	1
2259	93	6597	1
2260	145	6597	1
2261	94	6597	1
2262	116	6597	1
2263	95	6597	10
2264	96	6597	10
2265	155	6597	10
2266	117	6597	10
2267	161	6597	10
2268	157	6597	1
2269	152	6597	10
2270	162	6597	10
2271	156	6597	1
2272	158	6597	10
2273	147	6597	5.5
2274	99	6597	5.5
2275	118	6597	7.75
2276	100	6597	3.25
2277	119	6597	7.75
2278	102	6597	7.75
2279	131	6597	10
2280	140	6597	3.25
2281	163	6597	5.5
2282	105	6597	7.75
2283	106	6597	3.25
2284	122	6597	7.75
2285	107	6597	3.25
2286	123	6597	10
2287	142	6597	10
2288	144	6597	5.5
2289	164	6597	5.5
2290	80	6598	6
2291	81	6598	5
2292	125	6598	8
2293	126	6598	5
2294	82	6598	8
2295	83	6598	9
2296	109	6598	5
2297	110	6598	7
2298	127	6598	5
2299	135	6598	7
2300	111	6598	7
2301	84	6598	6
2302	149	6598	4
2303	87	6598	10
2304	150	6598	4
2305	88	6598	2
2306	154	6598	8
2307	112	6598	5
2308	166	6598	7
2309	160	6598	4
2310	79	6598	6
2311	113	6598	1
2312	114	6598	10
2313	89	6598	1
2314	115	6598	10
2315	90	6598	10
2316	91	6598	10
2317	92	6598	1
2318	93	6598	1
2319	145	6598	10
2320	94	6598	10
2321	116	6598	1
2322	95	6598	10
2323	96	6598	1
2324	137	6598	10
2325	155	6598	1
2326	97	6598	10
2327	98	6598	1
2328	129	6598	10
2329	117	6598	10
2330	161	6598	10
2331	157	6598	1
2332	165	6598	10
2333	152	6598	1
2334	162	6598	10
2335	156	6598	10
2336	158	6598	10
2337	147	6598	7.75
2338	99	6598	5.5
2339	118	6598	3.25
2340	100	6598	10
2341	101	6598	3.25
2342	119	6598	7.75
2343	102	6598	7.75
2344	131	6598	5.5
2345	140	6598	3.25
2346	163	6598	5.5
2347	105	6598	5.5
2348	106	6598	3.25
2349	107	6598	10
2350	123	6598	7.75
2351	142	6598	1
2352	144	6598	7.75
2353	164	6598	1
2354	80	6599	8
2355	81	6599	7
2356	125	6599	5
2357	126	6599	8
2358	82	6599	6
2359	83	6599	7
2360	109	6599	1
2361	110	6599	6
2362	127	6599	9
2363	135	6599	5
2364	146	6599	9
2365	136	6599	6
2366	85	6599	8
2367	150	6599	9
2368	88	6599	7
2369	167	6599	8
2370	154	6599	9
2371	166	6599	10
2372	128	6599	7
2373	160	6599	9
2374	79	6599	6
2375	113	6599	1
2376	114	6599	10
2377	89	6599	1
2378	115	6599	10
2379	90	6599	10
2380	91	6599	1
2381	92	6599	1
2382	93	6599	1
2383	145	6599	1
2384	94	6599	1
2385	116	6599	1
2386	95	6599	10
2387	96	6599	1
2388	137	6599	1
2389	155	6599	10
2390	97	6599	10
2391	98	6599	1
2392	138	6599	1
2393	168	6599	10
2394	117	6599	10
2395	161	6599	10
2396	165	6599	10
2397	152	6599	10
2398	162	6599	10
2399	148	6599	10
2400	147	6599	7.75
2401	99	6599	7.75
2402	118	6599	7.75
2403	100	6599	3.25
2404	102	6599	10
2405	131	6599	7.75
2406	103	6599	3.25
2407	104	6599	3.25
2408	120	6599	1
2409	106	6599	7.75
2410	122	6599	5.5
2411	123	6599	7.75
2412	124	6599	5.5
2413	134	6599	3.25
2414	108	6599	7.75
2415	144	6599	10
2416	80	6600	6
2417	81	6600	4
2418	125	6600	4
2419	126	6600	7
2420	82	6600	8
2421	83	6600	6
2422	109	6600	5
2423	110	6600	5
2424	127	6600	5
2425	135	6600	7
2426	146	6600	9
2427	136	6600	9
2428	159	6600	9
2429	111	6600	8
2430	84	6600	6
2431	85	6600	9
2432	87	6600	10
2433	88	6600	4
2434	167	6600	8
2435	154	6600	7
2436	112	6600	10
2437	166	6600	6
2438	128	6600	3
2439	160	6600	5
2440	79	6600	7
2441	113	6600	1
2442	114	6600	1
2443	89	6600	10
2444	115	6600	10
2445	90	6600	10
2446	91	6600	1
2447	92	6600	1
2448	93	6600	1
2449	145	6600	1
2450	94	6600	1
2451	116	6600	1
2452	95	6600	1
2453	96	6600	1
2454	137	6600	1
2455	155	6600	10
2456	97	6600	1
2457	98	6600	1
2458	129	6600	10
2459	130	6600	10
2460	138	6600	10
2461	168	6600	1
2462	117	6600	1
2463	161	6600	10
2464	157	6600	1
2465	165	6600	10
2466	152	6600	1
2467	162	6600	1
2468	156	6600	1
2469	158	6600	10
2470	148	6600	7.75
2471	147	6600	3.25
2472	99	6600	5.5
2473	118	6600	3.25
2474	100	6600	7.75
2475	101	6600	7.75
2476	119	6600	10
2477	102	6600	5.5
2478	103	6600	3.25
2479	140	6600	7.75
2480	120	6600	5.5
2481	105	6600	7.75
2482	133	6600	1
2483	106	6600	5.5
2484	121	6600	10
2485	122	6600	5.5
2486	124	6600	5.5
2487	134	6600	7.75
2488	108	6600	10
2489	143	6600	5.5
2490	86	6534	5
2491	83	6534	7
2492	166	6534	6
2493	154	6534	7
2494	128	6534	3
2495	110	6533	8
2496	160	6533	4
2497	166	6533	6
2498	154	6533	8
2499	128	6533	4
2500	86	6535	7
2501	166	6535	6
2502	154	6535	8
2504	110	6535	6
2505	160	6535	3
2506	160	6544	4
2507	166	6544	6
2508	154	6544	7
2509	128	6544	2
2510	80	6544	7
2511	166	6545	9
2512	154	6545	8
2513	79	6545	7
2514	87	6545	8
2515	80	6545	8
2516	160	6546	8
2517	80	6546	9
2518	166	6546	7
2519	82	6546	6
2520	87	6546	7
2521	126	6547	7
2522	127	6547	6
2523	81	6547	5
2524	79	6547	8
2525	87	6547	8
2526	160	6548	6
2527	166	6548	8
2528	126	6548	8
2529	127	6548	5
2530	83	6548	6
2531	135	6549	8
2532	136	6549	8
2533	84	6549	5
2534	127	6549	7
2535	83	6549	6
2536	135	6550	8
2537	136	6550	7
2538	84	6550	4
2539	86	6550	5
2540	128	6550	8
2541	135	6551	8
2542	154	6551	9
2543	84	6551	6
2544	86	6551	7
2545	128	6551	5
2546	135	6552	8
2547	81	6552	8
2548	88	6552	2
2549	86	6552	9
2550	128	6552	3
2551	80	6553	8
2552	84	6553	7
2553	88	6553	4
2554	86	6553	8
2555	146	6553	7
2556	80	6554	6
2557	82	6554	7
2558	79	6554	6
2559	86	6554	8
2560	146	6554	5
2561	85	6555	8
2562	82	6555	7
2563	87	6555	8
2564	86	6555	7
2565	146	6555	9
2566	85	6556	7
2567	111	6556	8
2568	112	6556	8
2569	110	6556	7
2570	146	6556	6
2571	80	6557	9
2572	81	6557	7
2573	88	6557	7
2574	110	6557	7
2575	146	6557	9
2576	87	6558	9
2577	126	6558	6
2578	88	6558	5
2579	83	6558	7
2580	153	6558	7
2581	146	6559	8
2582	126	6559	9
2583	86	6559	7
2584	82	6559	9
2585	81	6559	7
2586	87	6560	8
2587	126	6560	8
2588	86	6560	7
2589	84	6560	6
2590	128	6560	8
2591	88	6561	8
2592	110	6561	6
2593	146	6561	7
2594	87	6561	8
2595	126	6561	7
2596	110	6562	6
2597	146	6562	7
2598	87	6562	8
2599	126	6562	7
2600	153	6562	5
2601	86	6563	9
2602	135	6563	8
2603	136	6563	9
2604	84	6563	7
2605	110	6563	8
2606	110	6564	6
2607	87	6564	8
2608	126	6564	7
2609	153	6564	4
2610	86	6564	7
2611	135	6565	8
2612	81	6565	7
2613	88	6565	7
2614	86	6565	7
2615	128	6565	6
2616	135	6566	9
2617	81	6566	8
2618	88	6566	7
2619	84	6566	8
2620	128	6566	7
2621	146	6567	7
2622	85	6567	7
2623	87	6567	8
2624	128	6567	8
2625	153	6567	6
2626	126	6568	8
2627	127	6568	7
2628	166	6568	9
2629	146	6568	8
2630	128	6568	6
2631	87	6569	9
2632	153	6569	7
2633	126	6569	7
2634	127	6569	6
2635	166	6569	6
2636	85	6570	8
2637	111	6570	9
2638	146	6570	7
2639	88	6570	6
2640	153	6570	4
2641	87	6571	8
2642	153	6571	5
2643	126	6571	8
2644	127	6571	7
2645	166	6571	8
2646	85	6572	8
2647	146	6572	7
2648	153	6572	6
2649	127	6572	8
2650	166	6572	7
2651	153	6573	6
2652	126	6573	9
2653	166	6573	7
2654	146	6573	9
2655	135	6573	7
2656	160	6574	9
2657	154	6574	8
2658	128	6574	6
2659	146	6574	7
2660	135	6574	8
2661	80	6575	9
2662	153	6575	5
2663	86	6575	7
2664	166	6575	8
2665	81	6575	7
2666	81	6576	8
2667	154	6576	9
2668	126	6576	9
2669	146	6576	8
2670	135	6576	8
2671	153	6577	6
2672	126	6577	7
2673	166	6577	8
2674	81	6577	5
2675	154	6577	7
2676	110	6578	6
2677	146	6578	8
2678	126	6578	6
2679	153	6578	8
2980	86	6578	6
2681	146	6579	7
2682	86	6579	6
2683	135	6579	7
2684	136	6579	9
2685	84	6579	8
2686	85	6580	10
2687	111	6580	10
2688	146	6580	9
2689	126	6580	9
2690	127	6580	8
2691	146	6581	9
2692	86	6581	7
2693	135	6581	9
2694	126	6581	8
2695	127	6581	8
2696	146	6582	8
2697	86	6582	7
2698	135	6582	9
2699	111	6582	9
2700	126	6582	7
2701	128	6583	6
2702	153	6583	6
2703	127	6583	5
2704	166	6583	8
2705	86	6583	8
2706	146	6584	6
2707	86	6584	7
2708	135	6584	8
2709	128	6584	6
2710	166	6584	7
2711	110	6585	4
2712	87	6585	7
2713	126	6585	8
2714	86	6585	7
2715	81	6585	5
2716	146	6586	7
2717	135	6586	5
2718	128	6586	2
2719	166	6586	9
2720	87	6586	8
2721	110	6587	9
2722	86	6587	8
2723	81	6587	7
2724	146	6587	9
2725	135	6587	8
2726	146	6588	9
2727	80	6588	9
2728	153	6588	7
2729	166	6588	8
2730	81	6588	5
2731	166	6589	9
2732	81	6589	7
2733	85	6589	9
2734	111	6589	7
2735	126	6589	5
2736	110	6590	8
2737	153	6590	6
2738	86	6590	8
2739	136	6590	9
2740	84	6590	5
2741	166	6591	7
2742	81	6591	2
2743	85	6591	7
2744	111	6591	8
2745	126	6591	6
2746	110	6592	5
2747	87	6592	9
2748	126	6592	8
2749	86	6592	7
2750	81	6592	7
2751	126	6593	6
2752	127	6593	2
2753	110	6593	4
2754	160	6593	8
2755	166	6593	6
\.


--
-- TOC entry 1786 (class 0 OID 16398)
-- Dependencies: 128
-- Data for Name: tbuser; Type: TABLE DATA; Schema: public; Owner: postgres
--

COPY tbuser (id, email, name) FROM stdin;
6533	leandro.honorato@email.com	Leandro Honorato
6534	thiago.cardoso@email.com	Thiago Cardoso
6535	bruno.carlos@email.com	Bruno Carlos
6544	deivis.ignacio@email.com	Deivis Ignacio
6545	jefferson.amorim@email.com	Jéfferson Amorim
6546	clausio.barbosa@email.com	Clausio Barbosa
6547	rafael.albuquerque@email.com	Rafael Albuquerque
6548	marinho@email.com	Francisco Marinho
6549	rodrigo.castro@email.com	Rodrigo Castro
6550	raoni.lima@email.com	Raoni Lima
6551	allan.araujo@email.com	Allan Araujo
6552	leila.soriano@email.com	Leila Soriano
6553	micheledevasconcelos@email.com	Michele Vasconcelos
6554	alessandro@email.com	Alessandro
6555	marcus.vinicius@email.com	Marcus Vinícios
6556	diego.ferreira@email.com	Diego Ferreira
6557	anderson.murilo@email.com	Anderson Murilo
6558	pedro.frança@email.com	Pedro França
6559	fabio.almeida@email.com	Fábio Almeida
6560	waldyr.felix@email.com	Waldyr Felix
6561	paulo.cysneiros@email.com	Paulo Cysneiros
6562	caio.cavalcanti@email.com	Caio Cavalcanti
6563	tiberio.valenca@email.com	Tibério Valença
6564	fabricio.santos@email.com	Fabricio Santos
6565	rafael.ferreira@email.com	Rafael Ferreira
6566	heitor.nascimento@email.com	Heitor Nascimento
6567	bruno.dantas@email.com	Bruno Dantas
6568	rafael.barros@email.com	Rafael Barros
6569	leonardo.santos@email.com	Leonardo Santos
6570	sergio.campello@email.com	Sergio Campello
6571	rodrigo.pereira@email.com	Rodrigo Pereira
6572	periclesmiranda@email.com	Pericles Miranda
6573	mateus.nebias@email.com	Mateus Nebias
6574	henrique.specht@email.com	Henrique Specht
6575	marcos.vinicius@email.com	Marcos Vinícios
6576	luiz.dias@email.com	Luiz Dias
6577	fabio.travassos@email.com	Fábio Travassos
6578	luiz.lima@email.com	Luiz Lima
6579	arthur.nascimento@email.com	Arthur Nascimento
6580	arthur.ferreira@email.com	Arthur Ferreira
6581	marcela.nascimento@email.com	Marcela Nascimento
6582	marcos.oliveira@email.com	Marcos Oliveira
6583	eduardo.neves@email.com	Eduardo Neves
6584	hitalo.oliveira@email.com	Hítalo Oliveira
6585	guilherme.bandeira@email.com	Guilherme Bandeira
6586	paulo.leite@email.com	Paulo Leite
6587	thiago.valenca@email.com	Thiago Valença
6588	zosimo.leonardo@email.com	Zózimo Leonardo
6589	flavio.vinicius@email.com	Flávio Vinícius
6590	diegoliber@email.com	Diego Liberalquino
6591	marcos.miguel@email.com	Marcos Miguel
6592	helvio.schobiner@email.com	Helvio Schobiner
6593	jose.marcos@email.com	Jose Marcos
6594	helio@email.com	Helio Bentzen
6595	karina.rocha@email.com	Karina Rocha
6596	renato.marques@email.com	Renato Marques
6597	diego.moura@email.com	Diego Moura
6598	lu.alves@email.com	Luana Alves
6599	arthur.telles@email.com	Arthur Telles
6600	pedro.leao@email.com	Pedro Leão
\.


--
-- TOC entry 1771 (class 2606 OID 16423)
-- Dependencies: 132 132
-- Name: tb_app_context_pkey; Type: CONSTRAINT; Schema: public; Owner: postgres; Tablespace: 
--

ALTER TABLE ONLY tbappcontext
    ADD CONSTRAINT tb_app_context_pkey PRIMARY KEY (id);


--
-- TOC entry 1767 (class 2606 OID 16413)
-- Dependencies: 130 130
-- Name: tb_app_item_pkey; Type: CONSTRAINT; Schema: public; Owner: postgres; Tablespace: 
--

ALTER TABLE ONLY tbappitem
    ADD CONSTRAINT tb_app_item_pkey PRIMARY KEY (id);


--
-- TOC entry 1775 (class 2606 OID 16433)
-- Dependencies: 134 134
-- Name: tb_item_pkey; Type: CONSTRAINT; Schema: public; Owner: postgres; Tablespace: 
--

ALTER TABLE ONLY tbitem
    ADD CONSTRAINT tb_item_pkey PRIMARY KEY (id);


--
-- TOC entry 1779 (class 2606 OID 16453)
-- Dependencies: 136 136
-- Name: tb_preference_pkey; Type: CONSTRAINT; Schema: public; Owner: postgres; Tablespace: 
--

ALTER TABLE ONLY tbpreference
    ADD CONSTRAINT tb_preference_pkey PRIMARY KEY (id);


--
-- TOC entry 1763 (class 2606 OID 16403)
-- Dependencies: 128 128
-- Name: tb_user_pkey; Type: CONSTRAINT; Schema: public; Owner: postgres; Tablespace: 
--

ALTER TABLE ONLY tbuser
    ADD CONSTRAINT tb_user_pkey PRIMARY KEY (id);


--
-- TOC entry 1773 (class 2606 OID 16425)
-- Dependencies: 132 132
-- Name: unique_aplication_name; Type: CONSTRAINT; Schema: public; Owner: postgres; Tablespace: 
--

ALTER TABLE ONLY tbappcontext
    ADD CONSTRAINT unique_aplication_name UNIQUE (application_name);


--
-- TOC entry 1777 (class 2606 OID 16435)
-- Dependencies: 134 134 134
-- Name: unique_context_item; Type: CONSTRAINT; Schema: public; Owner: postgres; Tablespace: 
--

ALTER TABLE ONLY tbitem
    ADD CONSTRAINT unique_context_item UNIQUE (app_item_id, app_context_id);


--
-- TOC entry 1769 (class 2606 OID 16415)
-- Dependencies: 130 130
-- Name: unique_description; Type: CONSTRAINT; Schema: public; Owner: postgres; Tablespace: 
--

ALTER TABLE ONLY tbappitem
    ADD CONSTRAINT unique_description UNIQUE (description);


--
-- TOC entry 1765 (class 2606 OID 16405)
-- Dependencies: 128 128
-- Name: unique_email; Type: CONSTRAINT; Schema: public; Owner: postgres; Tablespace: 
--

ALTER TABLE ONLY tbuser
    ADD CONSTRAINT unique_email UNIQUE (email);


--
-- TOC entry 1781 (class 2606 OID 16455)
-- Dependencies: 136 136 136
-- Name: unique_user_item; Type: CONSTRAINT; Schema: public; Owner: postgres; Tablespace: 
--

ALTER TABLE ONLY tbpreference
    ADD CONSTRAINT unique_user_item UNIQUE (user_id, item_id);


--
-- TOC entry 1783 (class 2606 OID 16441)
-- Dependencies: 134 1766 130
-- Name: foreign_key_app_item; Type: FK CONSTRAINT; Schema: public; Owner: postgres
--

ALTER TABLE ONLY tbitem
    ADD CONSTRAINT foreign_key_app_item FOREIGN KEY (app_item_id) REFERENCES tbappitem(id);


--
-- TOC entry 1782 (class 2606 OID 16436)
-- Dependencies: 132 1770 134
-- Name: foreign_key_context; Type: FK CONSTRAINT; Schema: public; Owner: postgres
--

ALTER TABLE ONLY tbitem
    ADD CONSTRAINT foreign_key_context FOREIGN KEY (app_context_id) REFERENCES tbappcontext(id);


--
-- TOC entry 1784 (class 2606 OID 16456)
-- Dependencies: 1774 136 134
-- Name: foreign_key_item_preference; Type: FK CONSTRAINT; Schema: public; Owner: postgres
--

ALTER TABLE ONLY tbpreference
    ADD CONSTRAINT foreign_key_item_preference FOREIGN KEY (item_id) REFERENCES tbitem(id);


--
-- TOC entry 1785 (class 2606 OID 16461)
-- Dependencies: 1762 136 128
-- Name: foreign_key_user_preference; Type: FK CONSTRAINT; Schema: public; Owner: postgres
--

ALTER TABLE ONLY tbpreference
    ADD CONSTRAINT foreign_key_user_preference FOREIGN KEY (user_id) REFERENCES tbuser(id);


--
-- TOC entry 1795 (class 0 OID 0)
-- Dependencies: 3
-- Name: public; Type: ACL; Schema: -; Owner: postgres
--

REVOKE ALL ON SCHEMA public FROM PUBLIC;
REVOKE ALL ON SCHEMA public FROM postgres;
GRANT ALL ON SCHEMA public TO postgres;
GRANT ALL ON SCHEMA public TO PUBLIC;


-- Completed on 2013-02-15 07:44:31

--
-- PostgreSQL database dump complete
--

